{"test_cattle_1.jpg": [{"class_name": "3", "inlier": 218}, {"class_name": "16", "inlier": 39}, {"class_name": "6", "inlier": 31}, {"class_name": "18", "inlier": 28}, {"class_name": "11", "inlier": 27}, {"class_name": "20", "inlier": 25}, {"class_name": "2", "inlier": 23}, {"class_name": "14", "inlier": 22}, {"class_name": "10", "inlier": 22}, {"class_name": "15", "inlier": 21}, {"class_name": "17", "inlier": 20}, {"class_name": "1", "inlier": 18}, {"class_name": "5", "inlier": 17}, {"class_name": "4", "inlier": 17}, {"class_name": "9", "inlier": 16}, {"class_name": "12", "inlier": 14}, {"class_name": "8", "inlier": 14}, {"class_name": "13", "inlier": 12}, {"class_name": "19", "inlier": 12}, {"class_name": "7", "inlier": 10}], "test_cattle_2.jpg": [{"class_name": "8", "inlier": 199}, {"class_name": "1", "inlier": 28}, {"class_name": "18", "inlier": 24}, {"class_name": "10", "inlier": 23}, {"class_name": "7", "inlier": 21}, {"class_name": "12", "inlier": 21}, {"class_name": "11", "inlier": 21}, {"class_name": "3", "inlier": 20}, {"class_name": "13", "inlier": 20}, {"class_name": "4", "inlier": 19}, {"class_name": "6", "inlier": 18}, {"class_name": "2", "inlier": 17}, {"class_name": "20", "inlier": 17}, {"class_name": "5", "inlier": 16}, {"class_name": "14", "inlier": 16}, {"class_name": "17", "inlier": 15}, {"class_name": "19", "inlier": 15}, {"class_name": "15", "inlier": 14}, {"class_name": "16", "inlier": 14}, {"class_name": "9", "inlier": 13}], "test_cattle_3.jpg": [{"class_name": "13", "inlier": 296}, {"class_name": "15", "inlier": 30}, {"class_name": "12", "inlier": 29}, {"class_name": "3", "inlier": 26}, {"class_name": "8", "inlier": 26}, {"class_name": "1", "inlier": 25}, {"class_name": "10", "inlier": 25}, {"class_name": "5", "inlier": 24}, {"class_name": "7", "inlier": 23}, {"class_name": "19", "inlier": 22}, {"class_name": "9", "inlier": 22}, {"class_name": "2", "inlier": 21}, {"class_name": "4", "inlier": 21}, {"class_name": "17", "inlier": 20}, {"class_name": "11", "inlier": 19}, {"class_name": "18", "inlier": 15}, {"class_name": "6", "inlier": 15}, {"class_name": "20", "inlier": 15}, {"class_name": "16", "inlier": 13}, {"class_name": "14", "inlier": 11}], "test_cattle_4.jpg": [{"class_name": "16", "inlier": 101}, {"class_name": "7", "inlier": 28}, {"class_name": "5", "inlier": 27}, {"class_name": "13", "inlier": 22}, {"class_name": "2", "inlier": 22}, {"class_name": "15", "inlier": 21}, {"class_name": "4", "inlier": 18}, {"class_name": "19", "inlier": 17}, {"class_name": "3", "inlier": 17}, {"class_name": "11", "inlier": 17}, {"class_name": "20", "inlier": 17}, {"class_name": "8", "inlier": 16}, {"class_name": "18", "inlier": 15}, {"class_name": "10", "inlier": 15}, {"class_name": "17", "inlier": 14}, {"class_name": "1", "inlier": 13}, {"class_name": "6", "inlier": 12}, {"class_name": "12", "inlier": 10}, {"class_name": "14", "inlier": 10}, {"class_name": "9", "inlier": 10}], "test_cattle_5.jpg": [{"class_name": "20", "inlier": 285}, {"class_name": "14", "inlier": 27}, {"class_name": "3", "inlier": 23}, {"class_name": "16", "inlier": 22}, {"class_name": "4", "inlier": 21}, {"class_name": "2", "inlier": 20}, {"class_name": "5", "inlier": 20}, {"class_name": "18", "inlier": 20}, {"class_name": "6", "inlier": 19}, {"class_name": "19", "inlier": 17}, {"class_name": "15", "inlier": 16}, {"class_name": "9", "inlier": 15}, {"class_name": "13", "inlier": 14}, {"class_name": "10", "inlier": 13}, {"class_name": "17", "inlier": 13}, {"class_name": "11", "inlier": 13}, {"class_name": "8", "inlier": 12}, {"class_name": "1", "inlier": 12}, {"class_name": "7", "inlier": 11}, {"class_name": "12", "inlier": 10}]}